INSERT INTO `bookstore`.`category` (`id`, `name`) VALUES ('1', 'Văn học Việt Nam');
INSERT INTO `bookstore`.`category` (`id`, `name`) VALUES ('2', 'Văn học nước ngoài');
INSERT INTO `bookstore`.`category` (`id`, `name`) VALUES ('3', 'Thiếu nhi');
INSERT INTO `bookstore`.`category` (`id`, `name`) VALUES ('4', 'Thời sự - Chính trị');
INSERT INTO `bookstore`.`category` (`id`, `name`) VALUES ('5', 'Khoa học tự nhiên - Nhân văn');
INSERT INTO `bookstore`.`category` (`id`, `name`) VALUES ('6', 'Sách tham khảo');
INSERT INTO `bookstore`.`category` (`id`, `name`) VALUES ('7', 'Sách tái bản');
INSERT INTO `bookstore`.`category` (`id`, `name`) VALUES ('8', 'Sách kinh tế');

INSERT INTO `bookstore`.`app_role` (`id`, `role_name`) VALUES ('1', 'ROLE_ADMIN');
INSERT INTO `bookstore`.`app_role` (`id`, `role_name`) VALUES ('2', 'ROLE_USER');

INSERT INTO `bookstore`.`app_user` (`id`, `creation_date`, `password`, `username`) VALUES ('1', '2022-09-30', '12345678', 'admin');
INSERT INTO `bookstore`.`app_user` (`id`, `creation_date`, `password`, `username`) VALUES ('2', '2022-09-30', '12345678', 'user');

INSERT INTO `bookstore`.`user_role` (`id`, `role_id`, `user_id`) VALUES ('1', '1', '1');
INSERT INTO `bookstore`.`user_role` (`id`, `role_id`, `user_id`) VALUES ('2', '2', '1');
INSERT INTO `bookstore`.`user_role` (`id`, `role_id`, `user_id`) VALUES ('3', '2', '2');

INSERT INTO `bookstore`.`payment` (`id`, `name`) VALUES ('1', 'Paypal');
INSERT INTO `bookstore`.`payment` (`id`, `name`) VALUES ('2', 'Tiền mặt');
INSERT INTO `bookstore`.`payment` (`id`, `name`) VALUES ('3', 'Chuyển khoản ngân hàng');

INSERT INTO `bookstore`.`discount` (`id`, `code`, `percent_discount`, `quantity`) VALUES ('1', 'ABCD1234', '10%', '20');
INSERT INTO `bookstore`.`discount` (`id`, `code`, `percent_discount`, `quantity`) VALUES ('2', 'DEFG8723', '20%', '10');

INSERT INTO `bookstore`.`customer` (`id`, `address`, `birth_day`, `email`, `name`, `phone`, `user_id`) VALUES ('1', 'Đà Nẵng', '1990-02-02', 'nam@gmail.com', 'Lê Văn Nam', '0923092932', '1');
INSERT INTO `bookstore`.`customer` (`id`, `address`, `birth_day`, `email`, `name`, `phone`, `user_id`) VALUES ('2', 'Đà Nẵng', '1991-01-01', 'quan@gmail.com', 'Lê Văn Quân', '093849392', '2');

INSERT INTO `bookstore`.`comment` (`id`, `content`, `user_id`) VALUES ('1', 'Sách hay, giá rẻ', '2');
INSERT INTO `bookstore`.`comment` (`id`, `content`, `user_id`) VALUES ('2', 'Sách giá tốt, chất lượng, giao hàng nhanh', '2');

INSERT INTO `bookstore`.`book` (`id`, `author`, `company`, `date`, `description`, `image`, `name`, `number_of_page`, `price`, `category_id`, `discount_id`, `size`) VALUES ('1', 'Dale Carnegie', 'Nhà xuất bản Kim Đồng', '2018-02-09', 'Đắc nhân tâm – How to win friends and Influence People của Dale Carnegie là quyển sách nổi tiếng nhất, bán chạy nhất và có tầm ảnh hưởng nhất của mọi thời đại. Tác phẩm đã được chuyển ngữ sang hầu hết các thứ tiếng trên thế giới và có mặt ở hàng trăm quốc gia.', 'https://taisachmienphi.com/wp-content/uploads/2020/03/dac-nhan-tam.jpg', 'Đắc nhân tâm', '300', '250000', '2', '1', '35cm x 18cm');
INSERT INTO `bookstore`.`book` (`id`, `author`, `company`, `date`, `description`, `image`, `name`, `number_of_page`, `price`, `category_id`, `discount_id`, `size`) VALUES ('2', 'Dale Carnegie', 'Nhà xuất bản Kim Đồng', '2018-02-09', 'Đắc nhân tâm – How to win friends and Influence People của Dale Carnegie là quyển sách nổi tiếng nhất, bán chạy nhất và có tầm ảnh hưởng nhất của mọi thời đại. Tác phẩm đã được chuyển ngữ sang hầu hết các thứ tiếng trên thế giới và có mặt ở hàng trăm quốc gia.', 'https://taisachmienphi.com/wp-content/uploads/2020/03/dac-nhan-tam.jpg', 'Đắc nhân tâm', '300', '250000', '2', '1', '35cm x 18cm');
INSERT INTO `bookstore`.`book` (`id`, `author`, `company`, `date`, `description`, `image`, `name`, `number_of_page`, `price`, `category_id`, `discount_id`, `size`) VALUES ('3', 'Dale Carnegie', 'Nhà xuất bản Kim Đồng', '2018-02-09', 'Đắc nhân tâm – How to win friends and Influence People của Dale Carnegie là quyển sách nổi tiếng nhất, bán chạy nhất và có tầm ảnh hưởng nhất của mọi thời đại. Tác phẩm đã được chuyển ngữ sang hầu hết các thứ tiếng trên thế giới và có mặt ở hàng trăm quốc gia.', 'https://taisachmienphi.com/wp-content/uploads/2020/03/dac-nhan-tam.jpg', 'Đắc nhân tâm', '300', '250000', '2', '1', '35cm x 18cm');
INSERT INTO `bookstore`.`book` (`id`, `author`, `company`, `date`, `description`, `image`, `name`, `number_of_page`, `price`, `category_id`, `discount_id`, `size`) VALUES ('4', 'Dale Carnegie', 'Nhà xuất bản Kim Đồng', '2018-02-09', 'Đắc nhân tâm – How to win friends and Influence People của Dale Carnegie là quyển sách nổi tiếng nhất, bán chạy nhất và có tầm ảnh hưởng nhất của mọi thời đại. Tác phẩm đã được chuyển ngữ sang hầu hết các thứ tiếng trên thế giới và có mặt ở hàng trăm quốc gia.', 'https://taisachmienphi.com/wp-content/uploads/2020/03/dac-nhan-tam.jpg', 'Đắc nhân tâm', '300', '250000', '2', '1', '35cm x 18cm');
INSERT INTO `bookstore`.`book` (`id`, `author`, `company`, `date`, `description`, `image`, `name`, `number_of_page`, `price`, `category_id`, `discount_id`, `size`) VALUES ('5', 'Dale Carnegie', 'Nhà xuất bản Kim Đồng', '2018-02-09', 'Đắc nhân tâm – How to win friends and Influence People của Dale Carnegie là quyển sách nổi tiếng nhất, bán chạy nhất và có tầm ảnh hưởng nhất của mọi thời đại. Tác phẩm đã được chuyển ngữ sang hầu hết các thứ tiếng trên thế giới và có mặt ở hàng trăm quốc gia.', 'https://taisachmienphi.com/wp-content/uploads/2020/03/dac-nhan-tam.jpg', 'Đắc nhân tâm', '300', '250000', '2', '1', '35cm x 18cm');
INSERT INTO `bookstore`.`book` (`id`, `author`, `company`, `date`, `description`, `image`, `name`, `number_of_page`, `price`, `category_id`, `discount_id`, `size`) VALUES ('6', 'Dale Carnegie', 'Nhà xuất bản Kim Đồng', '2018-02-09', 'Đắc nhân tâm – How to win friends and Influence People của Dale Carnegie là quyển sách nổi tiếng nhất, bán chạy nhất và có tầm ảnh hưởng nhất của mọi thời đại. Tác phẩm đã được chuyển ngữ sang hầu hết các thứ tiếng trên thế giới và có mặt ở hàng trăm quốc gia.', 'https://taisachmienphi.com/wp-content/uploads/2020/03/dac-nhan-tam.jpg', 'Đắc nhân tâm', '300', '250000', '2', '1', '35cm x 18cm');
INSERT INTO `bookstore`.`book` (`id`, `author`, `company`, `date`, `description`, `image`, `name`, `number_of_page`, `price`, `category_id`, `discount_id`, `size`) VALUES ('7', 'Dale Carnegie', 'Nhà xuất bản Kim Đồng', '2018-02-09', 'Đắc nhân tâm – How to win friends and Influence People của Dale Carnegie là quyển sách nổi tiếng nhất, bán chạy nhất và có tầm ảnh hưởng nhất của mọi thời đại. Tác phẩm đã được chuyển ngữ sang hầu hết các thứ tiếng trên thế giới và có mặt ở hàng trăm quốc gia.', 'https://taisachmienphi.com/wp-content/uploads/2020/03/dac-nhan-tam.jpg', 'Đắc nhân tâm', '300', '250000', '2', '1', '35cm x 18cm');
INSERT INTO `bookstore`.`book` (`id`, `author`, `company`, `date`, `description`, `image`, `name`, `number_of_page`, `price`, `category_id`, `discount_id`, `size`) VALUES ('8', 'Dale Carnegie', 'Nhà xuất bản Kim Đồng', '2018-02-09', 'Đắc nhân tâm – How to win friends and Influence People của Dale Carnegie là quyển sách nổi tiếng nhất, bán chạy nhất và có tầm ảnh hưởng nhất của mọi thời đại. Tác phẩm đã được chuyển ngữ sang hầu hết các thứ tiếng trên thế giới và có mặt ở hàng trăm quốc gia.', 'https://taisachmienphi.com/wp-content/uploads/2020/03/dac-nhan-tam.jpg', 'Đắc nhân tâm', '300', '250000', '2', '1', '35cm x 18cm');
INSERT INTO `bookstore`.`book` (`id`, `author`, `company`, `date`, `description`, `image`, `name`, `number_of_page`, `price`, `category_id`, `discount_id`, `size`) VALUES ('9', 'Dale Carnegie', 'Nhà xuất bản Kim Đồng', '2018-02-09', 'Đắc nhân tâm – How to win friends and Influence People của Dale Carnegie là quyển sách nổi tiếng nhất, bán chạy nhất và có tầm ảnh hưởng nhất của mọi thời đại. Tác phẩm đã được chuyển ngữ sang hầu hết các thứ tiếng trên thế giới và có mặt ở hàng trăm quốc gia.', 'https://taisachmienphi.com/wp-content/uploads/2020/03/dac-nhan-tam.jpg', 'Đắc nhân tâm', '300', '250000', '2', '1', '35cm x 18cm');
INSERT INTO `bookstore`.`book` (`id`, `author`, `company`, `date`, `description`, `image`, `name`, `number_of_page`, `price`, `category_id`, `discount_id`, `size`) VALUES ('10', 'Dale Carnegie', 'Nhà xuất bản Kim Đồng', '2018-02-09', 'Đắc nhân tâm – How to win friends and Influence People của Dale Carnegie là quyển sách nổi tiếng nhất, bán chạy nhất và có tầm ảnh hưởng nhất của mọi thời đại. Tác phẩm đã được chuyển ngữ sang hầu hết các thứ tiếng trên thế giới và có mặt ở hàng trăm quốc gia.', 'https://taisachmienphi.com/wp-content/uploads/2020/03/dac-nhan-tam.jpg', 'Đắc nhân tâm', '300', '250000', '2', '1', '35cm x 18cm');
INSERT INTO `bookstore`.`book` (`id`, `author`, `company`, `date`, `description`, `image`, `name`, `number_of_page`, `price`, `category_id`, `discount_id`, `size`) VALUES ('11', 'Dale Carnegie', 'Nhà xuất bản Kim Đồng', '2018-02-09', 'Đắc nhân tâm – How to win friends and Influence People của Dale Carnegie là quyển sách nổi tiếng nhất, bán chạy nhất và có tầm ảnh hưởng nhất của mọi thời đại. Tác phẩm đã được chuyển ngữ sang hầu hết các thứ tiếng trên thế giới và có mặt ở hàng trăm quốc gia.', 'https://taisachmienphi.com/wp-content/uploads/2020/03/dac-nhan-tam.jpg', 'Đắc nhân tâm', '300', '250000', '2', '1', '35cm x 18cm');
INSERT INTO `bookstore`.`book` (`id`, `author`, `company`, `date`, `description`, `image`, `name`, `number_of_page`, `price`, `category_id`, `discount_id`, `size`) VALUES ('12', 'Dale Carnegie', 'Nhà xuất bản Kim Đồng', '2018-02-09', 'Đắc nhân tâm – How to win friends and Influence People của Dale Carnegie là quyển sách nổi tiếng nhất, bán chạy nhất và có tầm ảnh hưởng nhất của mọi thời đại. Tác phẩm đã được chuyển ngữ sang hầu hết các thứ tiếng trên thế giới và có mặt ở hàng trăm quốc gia.', 'https://taisachmienphi.com/wp-content/uploads/2020/03/dac-nhan-tam.jpg', 'Đắc nhân tâm', '300', '250000', '2', '1', '35cm x 18cm');
INSERT INTO `bookstore`.`book` (`id`, `author`, `company`, `date`, `description`, `image`, `name`, `number_of_page`, `price`, `category_id`, `discount_id`, `size`) VALUES ('13', 'Dale Carnegie', 'Nhà xuất bản Kim Đồng', '2018-02-09', 'Đắc nhân tâm – How to win friends and Influence People của Dale Carnegie là quyển sách nổi tiếng nhất, bán chạy nhất và có tầm ảnh hưởng nhất của mọi thời đại. Tác phẩm đã được chuyển ngữ sang hầu hết các thứ tiếng trên thế giới và có mặt ở hàng trăm quốc gia.', 'https://taisachmienphi.com/wp-content/uploads/2020/03/dac-nhan-tam.jpg', 'Đắc nhân tâm', '300', '250000', '2', '1', '35cm x 18cm');
INSERT INTO `bookstore`.`book` (`id`, `author`, `company`, `date`, `description`, `image`, `name`, `number_of_page`, `price`, `category_id`, `discount_id`, `size`) VALUES ('14', 'Dale Carnegie', 'Nhà xuất bản Kim Đồng', '2018-02-09', 'Đắc nhân tâm – How to win friends and Influence People của Dale Carnegie là quyển sách nổi tiếng nhất, bán chạy nhất và có tầm ảnh hưởng nhất của mọi thời đại. Tác phẩm đã được chuyển ngữ sang hầu hết các thứ tiếng trên thế giới và có mặt ở hàng trăm quốc gia.', 'https://taisachmienphi.com/wp-content/uploads/2020/03/dac-nhan-tam.jpg', 'Đắc nhân tâm', '300', '250000', '2', '1', '35cm x 18cm');
INSERT INTO `bookstore`.`book` (`id`, `author`, `company`, `date`, `description`, `image`, `name`, `number_of_page`, `price`, `category_id`, `discount_id`, `size`) VALUES ('15', 'Dale Carnegie', 'Nhà xuất bản Kim Đồng', '2018-02-09', 'Đắc nhân tâm – How to win friends and Influence People của Dale Carnegie là quyển sách nổi tiếng nhất, bán chạy nhất và có tầm ảnh hưởng nhất của mọi thời đại. Tác phẩm đã được chuyển ngữ sang hầu hết các thứ tiếng trên thế giới và có mặt ở hàng trăm quốc gia.', 'https://taisachmienphi.com/wp-content/uploads/2020/03/dac-nhan-tam.jpg', 'Đắc nhân tâm', '300', '250000', '2', '1', '35cm x 18cm');
INSERT INTO `bookstore`.`book` (`id`, `author`, `company`, `date`, `description`, `image`, `name`, `number_of_page`, `price`, `category_id`, `discount_id`, `size`) VALUES ('16', 'Dale Carnegie', 'Nhà xuất bản Kim Đồng', '2018-02-09', 'Đắc nhân tâm – How to win friends and Influence People của Dale Carnegie là quyển sách nổi tiếng nhất, bán chạy nhất và có tầm ảnh hưởng nhất của mọi thời đại. Tác phẩm đã được chuyển ngữ sang hầu hết các thứ tiếng trên thế giới và có mặt ở hàng trăm quốc gia.', 'https://taisachmienphi.com/wp-content/uploads/2020/03/dac-nhan-tam.jpg', 'Đắc nhân tâm', '300', '250000', '2', '1', '35cm x 18cm');
INSERT INTO `bookstore`.`book` (`id`, `author`, `company`, `date`, `description`, `image`, `name`, `number_of_page`, `price`, `category_id`, `discount_id`, `size`) VALUES ('17', 'Dale Carnegie', 'Nhà xuất bản Kim Đồng', '2018-02-09', 'Đắc nhân tâm – How to win friends and Influence People của Dale Carnegie là quyển sách nổi tiếng nhất, bán chạy nhất và có tầm ảnh hưởng nhất của mọi thời đại. Tác phẩm đã được chuyển ngữ sang hầu hết các thứ tiếng trên thế giới và có mặt ở hàng trăm quốc gia.', 'https://taisachmienphi.com/wp-content/uploads/2020/03/dac-nhan-tam.jpg', 'Đắc nhân tâm', '300', '250000', '2', '1', '35cm x 18cm');
INSERT INTO `bookstore`.`book` (`id`, `author`, `company`, `date`, `description`, `image`, `name`, `number_of_page`, `price`, `category_id`, `discount_id`, `size`) VALUES ('18', 'Dale Carnegie', 'Nhà xuất bản Kim Đồng', '2018-02-09', 'Đắc nhân tâm – How to win friends and Influence People của Dale Carnegie là quyển sách nổi tiếng nhất, bán chạy nhất và có tầm ảnh hưởng nhất của mọi thời đại. Tác phẩm đã được chuyển ngữ sang hầu hết các thứ tiếng trên thế giới và có mặt ở hàng trăm quốc gia.', 'https://taisachmienphi.com/wp-content/uploads/2020/03/dac-nhan-tam.jpg', 'Đắc nhân tâm', '300', '250000', '2', '1', '35cm x 18cm');
INSERT INTO `bookstore`.`book` (`id`, `author`, `company`, `date`, `description`, `image`, `name`, `number_of_page`, `price`, `category_id`, `discount_id`, `size`) VALUES ('19', 'Dale Carnegie', 'Nhà xuất bản Kim Đồng', '2018-02-09', 'Đắc nhân tâm – How to win friends and Influence People của Dale Carnegie là quyển sách nổi tiếng nhất, bán chạy nhất và có tầm ảnh hưởng nhất của mọi thời đại. Tác phẩm đã được chuyển ngữ sang hầu hết các thứ tiếng trên thế giới và có mặt ở hàng trăm quốc gia.', 'https://taisachmienphi.com/wp-content/uploads/2020/03/dac-nhan-tam.jpg', 'Đắc nhân tâm', '300', '250000', '2', '1', '35cm x 18cm');
INSERT INTO `bookstore`.`book` (`id`, `author`, `company`, `date`, `description`, `image`, `name`, `number_of_page`, `price`, `category_id`, `discount_id`, `size`) VALUES ('20', 'Dale Carnegie', 'Nhà xuất bản Kim Đồng', '2018-02-09', 'Đắc nhân tâm – How to win friends and Influence People của Dale Carnegie là quyển sách nổi tiếng nhất, bán chạy nhất và có tầm ảnh hưởng nhất của mọi thời đại. Tác phẩm đã được chuyển ngữ sang hầu hết các thứ tiếng trên thế giới và có mặt ở hàng trăm quốc gia.', 'https://taisachmienphi.com/wp-content/uploads/2020/03/dac-nhan-tam.jpg', 'Đắc nhân tâm', '300', '250000', '2', '1', '35cm x 18cm');
INSERT INTO `bookstore`.`book` (`id`, `author`, `company`, `date`, `description`, `image`, `name`, `number_of_page`, `price`, `category_id`, `discount_id`, `size`) VALUES ('21', 'Dale Carnegie', 'Nhà xuất bản Kim Đồng', '2018-02-09', 'Đắc nhân tâm – How to win friends and Influence People của Dale Carnegie là quyển sách nổi tiếng nhất, bán chạy nhất và có tầm ảnh hưởng nhất của mọi thời đại. Tác phẩm đã được chuyển ngữ sang hầu hết các thứ tiếng trên thế giới và có mặt ở hàng trăm quốc gia.', 'https://taisachmienphi.com/wp-content/uploads/2020/03/dac-nhan-tam.jpg', 'Đắc nhân tâm', '300', '250000', '2', '1', '35cm x 18cm');
INSERT INTO `bookstore`.`book` (`id`, `author`, `company`, `date`, `description`, `image`, `name`, `number_of_page`, `price`, `category_id`, `discount_id`, `size`) VALUES ('22', 'Dale Carnegie', 'Nhà xuất bản Kim Đồng', '2018-02-09', 'Đắc nhân tâm – How to win friends and Influence People của Dale Carnegie là quyển sách nổi tiếng nhất, bán chạy nhất và có tầm ảnh hưởng nhất của mọi thời đại. Tác phẩm đã được chuyển ngữ sang hầu hết các thứ tiếng trên thế giới và có mặt ở hàng trăm quốc gia.', 'https://taisachmienphi.com/wp-content/uploads/2020/03/dac-nhan-tam.jpg', 'Đắc nhân tâm', '300', '250000', '2', '1', '35cm x 18cm');
INSERT INTO `bookstore`.`book` (`id`, `author`, `company`, `date`, `description`, `image`, `name`, `number_of_page`, `price`, `category_id`, `discount_id`, `size`) VALUES ('23', 'Dale Carnegie', 'Nhà xuất bản Kim Đồng', '2018-02-09', 'Đắc nhân tâm – How to win friends and Influence People của Dale Carnegie là quyển sách nổi tiếng nhất, bán chạy nhất và có tầm ảnh hưởng nhất của mọi thời đại. Tác phẩm đã được chuyển ngữ sang hầu hết các thứ tiếng trên thế giới và có mặt ở hàng trăm quốc gia.', 'https://taisachmienphi.com/wp-content/uploads/2020/03/dac-nhan-tam.jpg', 'Đắc nhân tâm', '300', '250000', '2', '1', '35cm x 18cm');
INSERT INTO `bookstore`.`book` (`id`, `author`, `company`, `date`, `description`, `image`, `name`, `number_of_page`, `price`, `category_id`, `discount_id`, `size`) VALUES ('24', 'Dale Carnegie', 'Nhà xuất bản Kim Đồng', '2018-02-09', 'Đắc nhân tâm – How to win friends and Influence People của Dale Carnegie là quyển sách nổi tiếng nhất, bán chạy nhất và có tầm ảnh hưởng nhất của mọi thời đại. Tác phẩm đã được chuyển ngữ sang hầu hết các thứ tiếng trên thế giới và có mặt ở hàng trăm quốc gia.', 'https://taisachmienphi.com/wp-content/uploads/2020/03/dac-nhan-tam.jpg', 'Đắc nhân tâm', '300', '250000', '2', '1', '35cm x 18cm');
INSERT INTO `bookstore`.`book` (`id`, `author`, `company`, `date`, `description`, `image`, `name`, `number_of_page`, `price`, `category_id`, `discount_id`, `size`) VALUES ('25', 'Dale Carnegie', 'Nhà xuất bản Kim Đồng', '2018-02-09', 'Đắc nhân tâm – How to win friends and Influence People của Dale Carnegie là quyển sách nổi tiếng nhất, bán chạy nhất và có tầm ảnh hưởng nhất của mọi thời đại. Tác phẩm đã được chuyển ngữ sang hầu hết các thứ tiếng trên thế giới và có mặt ở hàng trăm quốc gia.', 'https://taisachmienphi.com/wp-content/uploads/2020/03/dac-nhan-tam.jpg', 'Đắc nhân tâm', '300', '250000', '2', '1', '35cm x 18cm');
INSERT INTO `bookstore`.`book` (`id`, `author`, `company`, `date`, `description`, `image`, `name`, `number_of_page`, `price`, `category_id`, `discount_id`, `size`) VALUES ('26', 'Dale Carnegie', 'Nhà xuất bản Kim Đồng', '2018-02-09', 'Đắc nhân tâm – How to win friends and Influence People của Dale Carnegie là quyển sách nổi tiếng nhất, bán chạy nhất và có tầm ảnh hưởng nhất của mọi thời đại. Tác phẩm đã được chuyển ngữ sang hầu hết các thứ tiếng trên thế giới và có mặt ở hàng trăm quốc gia.', 'https://taisachmienphi.com/wp-content/uploads/2020/03/dac-nhan-tam.jpg', 'Đắc nhân tâm', '300', '250000', '2', '1', '35cm x 18cm');
INSERT INTO `bookstore`.`book` (`id`, `author`, `company`, `date`, `description`, `image`, `name`, `number_of_page`, `price`, `category_id`, `discount_id`, `size`) VALUES ('27', 'Dale Carnegie', 'Nhà xuất bản Kim Đồng', '2018-02-09', 'Đắc nhân tâm – How to win friends and Influence People của Dale Carnegie là quyển sách nổi tiếng nhất, bán chạy nhất và có tầm ảnh hưởng nhất của mọi thời đại. Tác phẩm đã được chuyển ngữ sang hầu hết các thứ tiếng trên thế giới và có mặt ở hàng trăm quốc gia.', 'https://taisachmienphi.com/wp-content/uploads/2020/03/dac-nhan-tam.jpg', 'Đắc nhân tâm', '300', '250000', '2', '1', '35cm x 18cm');

INSERT INTO `bookstore`.`orders` (`id`, `order_day`, `user_id`, `book_id`) VALUES ('1', '2022-09-29', '1', '1');
INSERT INTO `bookstore`.`orders` (`id`, `order_day`, `user_id`, `book_id`) VALUES ('2', '2022-09-29', '1', '3');

INSERT INTO `bookstore`.`order_detail` (`id`, `quantity`, `order_id`, `payment_id`) VALUES ('1', '1', '1', '1');
INSERT INTO `bookstore`.`order_detail` (`id`, `quantity`, `order_id`, `payment_id`) VALUES ('2', '3', '2', '2');
